ID,SequenceID,WellPosition,ScanPosition,Tag,RLU,RLU(RQ),Timestamp(ms)
26e58645-ceeb-4412-a02e-407ca82df1b3,0,A:1,,,2040,ValidSlopeSaturation,4038885
26e58645-ceeb-4412-a02e-407ca82df1b3,0,A:2,,,1650,ValidSlopeSaturation,4039365
26e58645-ceeb-4412-a02e-407ca82df1b3,0,A:3,,,2110,ValidSlopeSaturation,4039853
26e58645-ceeb-4412-a02e-407ca82df1b3,0,A:4,,,1960,ValidSlopeSaturation,4040342
26e58645-ceeb-4412-a02e-407ca82df1b3,0,A:5,,,1630,ValidSlopeSaturation,4040828
26e58645-ceeb-4412-a02e-407ca82df1b3,0,A:6,,,1710,ValidSlopeSaturation,4041307
26e58645-ceeb-4412-a02e-407ca82df1b3,0,A:7,,,1800,ValidSlopeSaturation,4041792
26e58645-ceeb-4412-a02e-407ca82df1b3,0,A:8,,,1650,ValidSlopeSaturation,4042283
26e58645-ceeb-4412-a02e-407ca82df1b3,0,A:9,,,1950,ValidSlopeSaturation,4042773
26e58645-ceeb-4412-a02e-407ca82df1b3,0,A:10,,,1600,ValidSlopeSaturation,4043260
26e58645-ceeb-4412-a02e-407ca82df1b3,0,A:11,,,1640,ValidSlopeSaturation,4043738
26e58645-ceeb-4412-a02e-407ca82df1b3,0,A:12,,,1710,ValidSlopeSaturation,4044218
26e58645-ceeb-4412-a02e-407ca82df1b3,0,A:13,,,1640,ValidSlopeSaturation,4044697
26e58645-ceeb-4412-a02e-407ca82df1b3,0,A:14,,,1610,ValidSlopeSaturation,4045181
26e58645-ceeb-4412-a02e-407ca82df1b3,0,A:15,,,1830,ValidSlopeSaturation,4045671
26e58645-ceeb-4412-a02e-407ca82df1b3,0,A:16,,,1730,ValidSlopeSaturation,4046160
26e58645-ceeb-4412-a02e-407ca82df1b3,0,A:17,,,1570,ValidSlopeSaturation,4046656
26e58645-ceeb-4412-a02e-407ca82df1b3,0,A:18,,,1520,ValidSlopeSaturation,4047147
26e58645-ceeb-4412-a02e-407ca82df1b3,0,A:19,,,1600,ValidSlopeSaturation,4047627
26e58645-ceeb-4412-a02e-407ca82df1b3,0,A:20,,,1670,ValidSlopeSaturation,4048117
26e58645-ceeb-4412-a02e-407ca82df1b3,0,A:21,,,1330,ValidSlopeSaturation,4048597
26e58645-ceeb-4412-a02e-407ca82df1b3,0,A:22,,,1500,ValidSlopeSaturation,4049074
26e58645-ceeb-4412-a02e-407ca82df1b3,0,A:23,,,1610,ValidSlopeSaturation,4049555
26e58645-ceeb-4412-a02e-407ca82df1b3,0,A:24,,,1620,ValidSlopeSaturation,4050034
26e58645-ceeb-4412-a02e-407ca82df1b3,0,B:1,,,1600,ValidSlopeSaturation,4051866
26e58645-ceeb-4412-a02e-407ca82df1b3,0,B:2,,,1600,ValidSlopeSaturation,4052357
26e58645-ceeb-4412-a02e-407ca82df1b3,0,B:3,,,1640,ValidSlopeSaturation,4052850
26e58645-ceeb-4412-a02e-407ca82df1b3,0,B:4,,,1830,ValidSlopeSaturation,4053327
26e58645-ceeb-4412-a02e-407ca82df1b3,0,B:5,,,1660,ValidSlopeSaturation,4053822
26e58645-ceeb-4412-a02e-407ca82df1b3,0,B:6,,,1570,ValidSlopeSaturation,4054298
26e58645-ceeb-4412-a02e-407ca82df1b3,0,B:7,,,1470,ValidSlopeSaturation,4054787
26e58645-ceeb-4412-a02e-407ca82df1b3,0,B:8,,,1470,ValidSlopeSaturation,4055261
26e58645-ceeb-4412-a02e-407ca82df1b3,0,B:9,,,1520,ValidSlopeSaturation,4055739
26e58645-ceeb-4412-a02e-407ca82df1b3,0,B:10,,,1660,ValidSlopeSaturation,4056225
26e58645-ceeb-4412-a02e-407ca82df1b3,0,B:11,,,1460,ValidSlopeSaturation,4056712
26e58645-ceeb-4412-a02e-407ca82df1b3,0,B:12,,,1420,ValidSlopeSaturation,4057188
26e58645-ceeb-4412-a02e-407ca82df1b3,0,B:13,,,1450,ValidSlopeSaturation,4057675
26e58645-ceeb-4412-a02e-407ca82df1b3,0,B:14,,,1490,ValidSlopeSaturation,4058163
26e58645-ceeb-4412-a02e-407ca82df1b3,0,B:15,,,1510,ValidSlopeSaturation,4058657
26e58645-ceeb-4412-a02e-407ca82df1b3,0,B:16,,,1510,ValidSlopeSaturation,4059147
26e58645-ceeb-4412-a02e-407ca82df1b3,0,B:17,,,1580,ValidSlopeSaturation,4059625
26e58645-ceeb-4412-a02e-407ca82df1b3,0,B:18,,,1330,ValidSlopeSaturation,4060115
26e58645-ceeb-4412-a02e-407ca82df1b3,0,B:19,,,1410,ValidSlopeSaturation,4060605
26e58645-ceeb-4412-a02e-407ca82df1b3,0,B:20,,,1390,ValidSlopeSaturation,4061099
26e58645-ceeb-4412-a02e-407ca82df1b3,0,B:21,,,1430,ValidSlopeSaturation,4061581
26e58645-ceeb-4412-a02e-407ca82df1b3,0,B:22,,,1440,ValidSlopeSaturation,4062060
26e58645-ceeb-4412-a02e-407ca82df1b3,0,B:23,,,1440,ValidSlopeSaturation,4062538
26e58645-ceeb-4412-a02e-407ca82df1b3,0,B:24,,,1640,ValidSlopeSaturation,4063019
26e58645-ceeb-4412-a02e-407ca82df1b3,0,C:1,,,1600,ValidSlopeSaturation,4064851
26e58645-ceeb-4412-a02e-407ca82df1b3,0,C:2,,,1810,ValidSlopeSaturation,4065329
26e58645-ceeb-4412-a02e-407ca82df1b3,0,C:3,,,2020,ValidSlopeSaturation,4065866
26e58645-ceeb-4412-a02e-407ca82df1b3,0,C:4,,,1870,ValidSlopeSaturation,4066356
26e58645-ceeb-4412-a02e-407ca82df1b3,0,C:5,,,1800,ValidSlopeSaturation,4066849
26e58645-ceeb-4412-a02e-407ca82df1b3,0,C:6,,,1520,ValidSlopeSaturation,4067334
26e58645-ceeb-4412-a02e-407ca82df1b3,0,C:7,,,1630,ValidSlopeSaturation,4067814
26e58645-ceeb-4412-a02e-407ca82df1b3,0,C:8,,,1630,ValidSlopeSaturation,4068304
26e58645-ceeb-4412-a02e-407ca82df1b3,0,C:9,,,1430,ValidSlopeSaturation,4068795
26e58645-ceeb-4412-a02e-407ca82df1b3,0,C:10,,,1810,ValidSlopeSaturation,4069285
26e58645-ceeb-4412-a02e-407ca82df1b3,0,C:11,,,1570,ValidSlopeSaturation,4069779
26e58645-ceeb-4412-a02e-407ca82df1b3,0,C:12,,,1540,ValidSlopeSaturation,4070268
26e58645-ceeb-4412-a02e-407ca82df1b3,0,C:13,,,1570,ValidSlopeSaturation,4070744
26e58645-ceeb-4412-a02e-407ca82df1b3,0,C:14,,,1500,ValidSlopeSaturation,4071241
26e58645-ceeb-4412-a02e-407ca82df1b3,0,C:15,,,1330,ValidSlopeSaturation,4071733
26e58645-ceeb-4412-a02e-407ca82df1b3,0,C:16,,,1360,ValidSlopeSaturation,4072225
26e58645-ceeb-4412-a02e-407ca82df1b3,0,C:17,,,1440,ValidSlopeSaturation,4072708
26e58645-ceeb-4412-a02e-407ca82df1b3,0,C:18,,,1650,ValidSlopeSaturation,4073195
26e58645-ceeb-4412-a02e-407ca82df1b3,0,C:19,,,1540,ValidSlopeSaturation,4073683
26e58645-ceeb-4412-a02e-407ca82df1b3,0,C:20,,,1220,ValidSlopeSaturation,4074172
26e58645-ceeb-4412-a02e-407ca82df1b3,0,C:21,,,1330,ValidSlopeSaturation,4074654
26e58645-ceeb-4412-a02e-407ca82df1b3,0,C:22,,,1480,ValidSlopeSaturation,4075133
26e58645-ceeb-4412-a02e-407ca82df1b3,0,C:23,,,1590,ValidSlopeSaturation,4075616
26e58645-ceeb-4412-a02e-407ca82df1b3,0,C:24,,,1540,ValidSlopeSaturation,4076111
26e58645-ceeb-4412-a02e-407ca82df1b3,0,D:1,,,1570,ValidSlopeSaturation,4077948
26e58645-ceeb-4412-a02e-407ca82df1b3,0,D:2,,,1800,ValidSlopeSaturation,4078438
26e58645-ceeb-4412-a02e-407ca82df1b3,0,D:3,,,1720,ValidSlopeSaturation,4078919
26e58645-ceeb-4412-a02e-407ca82df1b3,0,D:4,,,1630,ValidSlopeSaturation,4079405
26e58645-ceeb-4412-a02e-407ca82df1b3,0,D:5,,,1470,ValidSlopeSaturation,4079897
26e58645-ceeb-4412-a02e-407ca82df1b3,0,D:6,,,1710,ValidSlopeSaturation,4080390
26e58645-ceeb-4412-a02e-407ca82df1b3,0,D:7,,,1600,ValidSlopeSaturation,4080867
26e58645-ceeb-4412-a02e-407ca82df1b3,0,D:8,,,1390,ValidSlopeSaturation,4081360
26e58645-ceeb-4412-a02e-407ca82df1b3,0,D:9,,,1240,ValidSlopeSaturation,4081848
26e58645-ceeb-4412-a02e-407ca82df1b3,0,D:10,,,1490,ValidSlopeSaturation,4082341
26e58645-ceeb-4412-a02e-407ca82df1b3,0,D:11,,,1350,ValidSlopeSaturation,4082831
26e58645-ceeb-4412-a02e-407ca82df1b3,0,D:12,,,1400,ValidSlopeSaturation,4083320
26e58645-ceeb-4412-a02e-407ca82df1b3,0,D:13,,,1300,ValidSlopeSaturation,4083811
26e58645-ceeb-4412-a02e-407ca82df1b3,0,D:14,,,1430,ValidSlopeSaturation,4084299
26e58645-ceeb-4412-a02e-407ca82df1b3,0,D:15,,,1400,ValidSlopeSaturation,4084789
26e58645-ceeb-4412-a02e-407ca82df1b3,0,D:16,,,1320,ValidSlopeSaturation,4085271
26e58645-ceeb-4412-a02e-407ca82df1b3,0,D:17,,,1380,ValidSlopeSaturation,4085760
26e58645-ceeb-4412-a02e-407ca82df1b3,0,D:18,,,1300,ValidSlopeSaturation,4086251
26e58645-ceeb-4412-a02e-407ca82df1b3,0,D:19,,,1560,ValidSlopeSaturation,4086726
26e58645-ceeb-4412-a02e-407ca82df1b3,0,D:20,,,1270,ValidSlopeSaturation,4087205
26e58645-ceeb-4412-a02e-407ca82df1b3,0,D:21,,,1710,ValidSlopeSaturation,4087685
26e58645-ceeb-4412-a02e-407ca82df1b3,0,D:22,,,1370,ValidSlopeSaturation,4088168
26e58645-ceeb-4412-a02e-407ca82df1b3,0,D:23,,,1440,ValidSlopeSaturation,4088652
26e58645-ceeb-4412-a02e-407ca82df1b3,0,D:24,,,1650,ValidSlopeSaturation,4089144
26e58645-ceeb-4412-a02e-407ca82df1b3,0,E:1,,,1730,ValidSlopeSaturation,4090978
26e58645-ceeb-4412-a02e-407ca82df1b3,0,E:2,,,1560,ValidSlopeSaturation,4091470
26e58645-ceeb-4412-a02e-407ca82df1b3,0,E:3,,,2050,ValidSlopeSaturation,4091953
26e58645-ceeb-4412-a02e-407ca82df1b3,0,E:4,,,1580,ValidSlopeSaturation,4092446
26e58645-ceeb-4412-a02e-407ca82df1b3,0,E:5,,,1750,ValidSlopeSaturation,4092925
26e58645-ceeb-4412-a02e-407ca82df1b3,0,E:6,,,1650,ValidSlopeSaturation,4093415
26e58645-ceeb-4412-a02e-407ca82df1b3,0,E:7,,,1530,ValidSlopeSaturation,4093894
26e58645-ceeb-4412-a02e-407ca82df1b3,0,E:8,,,1680,ValidSlopeSaturation,4094386
26e58645-ceeb-4412-a02e-407ca82df1b3,0,E:9,,,1400,ValidSlopeSaturation,4094869
26e58645-ceeb-4412-a02e-407ca82df1b3,0,E:10,,,1350,ValidSlopeSaturation,4095358
26e58645-ceeb-4412-a02e-407ca82df1b3,0,E:11,,,1530,ValidSlopeSaturation,4095837
26e58645-ceeb-4412-a02e-407ca82df1b3,0,E:12,,,1440,ValidSlopeSaturation,4096394
26e58645-ceeb-4412-a02e-407ca82df1b3,0,E:13,,,1450,ValidSlopeSaturation,4096881
26e58645-ceeb-4412-a02e-407ca82df1b3,0,E:14,,,1410,ValidSlopeSaturation,4097367
26e58645-ceeb-4412-a02e-407ca82df1b3,0,E:15,,,1370,ValidSlopeSaturation,4097850
26e58645-ceeb-4412-a02e-407ca82df1b3,0,E:16,,,1350,ValidSlopeSaturation,4098344
26e58645-ceeb-4412-a02e-407ca82df1b3,0,E:17,,,1240,ValidSlopeSaturation,4098841
26e58645-ceeb-4412-a02e-407ca82df1b3,0,E:18,,,1590,ValidSlopeSaturation,4099324
26e58645-ceeb-4412-a02e-407ca82df1b3,0,E:19,,,1490,ValidSlopeSaturation,4099817
26e58645-ceeb-4412-a02e-407ca82df1b3,0,E:20,,,1570,ValidSlopeSaturation,4100309
26e58645-ceeb-4412-a02e-407ca82df1b3,0,E:21,,,1530,ValidSlopeSaturation,4100792
26e58645-ceeb-4412-a02e-407ca82df1b3,0,E:22,,,1330,ValidSlopeSaturation,4101284
26e58645-ceeb-4412-a02e-407ca82df1b3,0,E:23,,,1380,ValidSlopeSaturation,4101774
26e58645-ceeb-4412-a02e-407ca82df1b3,0,E:24,,,1510,ValidSlopeSaturation,4102262
26e58645-ceeb-4412-a02e-407ca82df1b3,0,F:1,,,1620,ValidSlopeSaturation,4104104
26e58645-ceeb-4412-a02e-407ca82df1b3,0,F:2,,,1470,ValidSlopeSaturation,4104594
26e58645-ceeb-4412-a02e-407ca82df1b3,0,F:3,,,1550,ValidSlopeSaturation,4105078
26e58645-ceeb-4412-a02e-407ca82df1b3,0,F:4,,,1520,ValidSlopeSaturation,4105558
26e58645-ceeb-4412-a02e-407ca82df1b3,0,F:5,,,1510,ValidSlopeSaturation,4106038
26e58645-ceeb-4412-a02e-407ca82df1b3,0,F:6,,,1520,ValidSlopeSaturation,4106521
26e58645-ceeb-4412-a02e-407ca82df1b3,0,F:7,,,1520,ValidSlopeSaturation,4107003
26e58645-ceeb-4412-a02e-407ca82df1b3,0,F:8,,,1760,ValidSlopeSaturation,4107491
26e58645-ceeb-4412-a02e-407ca82df1b3,0,F:9,,,1310,ValidSlopeSaturation,4107974
26e58645-ceeb-4412-a02e-407ca82df1b3,0,F:10,,,1350,ValidSlopeSaturation,4108461
26e58645-ceeb-4412-a02e-407ca82df1b3,0,F:11,,,1470,ValidSlopeSaturation,4108948
26e58645-ceeb-4412-a02e-407ca82df1b3,0,F:12,,,1420,ValidSlopeSaturation,4109429
26e58645-ceeb-4412-a02e-407ca82df1b3,0,F:13,,,1340,ValidSlopeSaturation,4109909
26e58645-ceeb-4412-a02e-407ca82df1b3,0,F:14,,,1400,ValidSlopeSaturation,4110385
26e58645-ceeb-4412-a02e-407ca82df1b3,0,F:15,,,1370,ValidSlopeSaturation,4110875
26e58645-ceeb-4412-a02e-407ca82df1b3,0,F:16,,,1380,ValidSlopeSaturation,4111364
26e58645-ceeb-4412-a02e-407ca82df1b3,0,F:17,,,1250,ValidSlopeSaturation,4111848
26e58645-ceeb-4412-a02e-407ca82df1b3,0,F:18,,,1360,ValidSlopeSaturation,4112344
26e58645-ceeb-4412-a02e-407ca82df1b3,0,F:19,,,1240,ValidSlopeSaturation,4112838
26e58645-ceeb-4412-a02e-407ca82df1b3,0,F:20,,,1440,ValidSlopeSaturation,4113321
26e58645-ceeb-4412-a02e-407ca82df1b3,0,F:21,,,1490,ValidSlopeSaturation,4113804
26e58645-ceeb-4412-a02e-407ca82df1b3,0,F:22,,,1280,ValidSlopeSaturation,4114287
26e58645-ceeb-4412-a02e-407ca82df1b3,0,F:23,,,1390,ValidSlopeSaturation,4114772
26e58645-ceeb-4412-a02e-407ca82df1b3,0,F:24,,,1700,ValidSlopeSaturation,4115259
26e58645-ceeb-4412-a02e-407ca82df1b3,0,G:1,,,1680,ValidSlopeSaturation,4117086
26e58645-ceeb-4412-a02e-407ca82df1b3,0,G:2,,,1860,ValidSlopeSaturation,4117572
26e58645-ceeb-4412-a02e-407ca82df1b3,0,G:3,,,1690,ValidSlopeSaturation,4118061
26e58645-ceeb-4412-a02e-407ca82df1b3,0,G:4,,,1710,ValidSlopeSaturation,4118551
26e58645-ceeb-4412-a02e-407ca82df1b3,0,G:5,,,1540,ValidSlopeSaturation,4119027
26e58645-ceeb-4412-a02e-407ca82df1b3,0,G:6,,,1570,ValidSlopeSaturation,4119508
26e58645-ceeb-4412-a02e-407ca82df1b3,0,G:7,,,1540,ValidSlopeSaturation,4119988
26e58645-ceeb-4412-a02e-407ca82df1b3,0,G:8,,,1570,ValidSlopeSaturation,4120481
26e58645-ceeb-4412-a02e-407ca82df1b3,0,G:9,,,1500,ValidSlopeSaturation,4120960
26e58645-ceeb-4412-a02e-407ca82df1b3,0,G:10,,,1440,ValidSlopeSaturation,4121453
26e58645-ceeb-4412-a02e-407ca82df1b3,0,G:11,,,1370,ValidSlopeSaturation,4121936
26e58645-ceeb-4412-a02e-407ca82df1b3,0,G:12,,,1450,ValidSlopeSaturation,4122426
26e58645-ceeb-4412-a02e-407ca82df1b3,0,G:13,,,1220,ValidSlopeSaturation,4122917
26e58645-ceeb-4412-a02e-407ca82df1b3,0,G:14,,,1450,ValidSlopeSaturation,4123400
26e58645-ceeb-4412-a02e-407ca82df1b3,0,G:15,,,1390,ValidSlopeSaturation,4123889
26e58645-ceeb-4412-a02e-407ca82df1b3,0,G:16,,,1400,ValidSlopeSaturation,4124366
26e58645-ceeb-4412-a02e-407ca82df1b3,0,G:17,,,1470,ValidSlopeSaturation,4124847
26e58645-ceeb-4412-a02e-407ca82df1b3,0,G:18,,,1510,ValidSlopeSaturation,4125326
26e58645-ceeb-4412-a02e-407ca82df1b3,0,G:19,,,1480,ValidSlopeSaturation,4125812
26e58645-ceeb-4412-a02e-407ca82df1b3,0,G:20,,,1370,ValidSlopeSaturation,4126350
26e58645-ceeb-4412-a02e-407ca82df1b3,0,G:21,,,1390,ValidSlopeSaturation,4126830
26e58645-ceeb-4412-a02e-407ca82df1b3,0,G:22,,,1260,ValidSlopeSaturation,4127321
26e58645-ceeb-4412-a02e-407ca82df1b3,0,G:23,,,1300,ValidSlopeSaturation,4127807
26e58645-ceeb-4412-a02e-407ca82df1b3,0,G:24,,,1520,ValidSlopeSaturation,4128295
26e58645-ceeb-4412-a02e-407ca82df1b3,0,H:1,,,1750,ValidSlopeSaturation,4130137
26e58645-ceeb-4412-a02e-407ca82df1b3,0,H:2,,,1510,ValidSlopeSaturation,4130613
26e58645-ceeb-4412-a02e-407ca82df1b3,0,H:3,,,1660,ValidSlopeSaturation,4131091
26e58645-ceeb-4412-a02e-407ca82df1b3,0,H:4,,,1570,ValidSlopeSaturation,4131571
26e58645-ceeb-4412-a02e-407ca82df1b3,0,H:5,,,1540,ValidSlopeSaturation,4132050
26e58645-ceeb-4412-a02e-407ca82df1b3,0,H:6,,,1740,ValidSlopeSaturation,4132531
26e58645-ceeb-4412-a02e-407ca82df1b3,0,H:7,,,1360,ValidSlopeSaturation,4133014
26e58645-ceeb-4412-a02e-407ca82df1b3,0,H:8,,,1460,ValidSlopeSaturation,4133493
26e58645-ceeb-4412-a02e-407ca82df1b3,0,H:9,,,1500,ValidSlopeSaturation,4133969
26e58645-ceeb-4412-a02e-407ca82df1b3,0,H:10,,,1460,ValidSlopeSaturation,4134459
26e58645-ceeb-4412-a02e-407ca82df1b3,0,H:11,,,1360,ValidSlopeSaturation,4134943
26e58645-ceeb-4412-a02e-407ca82df1b3,0,H:12,,,1330,ValidSlopeSaturation,4135420
26e58645-ceeb-4412-a02e-407ca82df1b3,0,H:13,,,1350,ValidSlopeSaturation,4135910
26e58645-ceeb-4412-a02e-407ca82df1b3,0,H:14,,,1340,ValidSlopeSaturation,4136396
26e58645-ceeb-4412-a02e-407ca82df1b3,0,H:15,,,1650,ValidSlopeSaturation,4136880
26e58645-ceeb-4412-a02e-407ca82df1b3,0,H:16,,,1300,ValidSlopeSaturation,4137358
26e58645-ceeb-4412-a02e-407ca82df1b3,0,H:17,,,1370,ValidSlopeSaturation,4137838
26e58645-ceeb-4412-a02e-407ca82df1b3,0,H:18,,,1210,ValidSlopeSaturation,4138333
26e58645-ceeb-4412-a02e-407ca82df1b3,0,H:19,,,1240,ValidSlopeSaturation,4138821
26e58645-ceeb-4412-a02e-407ca82df1b3,0,H:20,,,1470,ValidSlopeSaturation,4139311
26e58645-ceeb-4412-a02e-407ca82df1b3,0,H:21,,,1180,ValidSlopeSaturation,4139788
26e58645-ceeb-4412-a02e-407ca82df1b3,0,H:22,,,1530,ValidSlopeSaturation,4140277
26e58645-ceeb-4412-a02e-407ca82df1b3,0,H:23,,,1420,ValidSlopeSaturation,4140755
26e58645-ceeb-4412-a02e-407ca82df1b3,0,H:24,,,1510,ValidSlopeSaturation,4141241
26e58645-ceeb-4412-a02e-407ca82df1b3,0,I:1,,,1580,ValidSlopeSaturation,4143083
26e58645-ceeb-4412-a02e-407ca82df1b3,0,I:2,,,1660,ValidSlopeSaturation,4143574
26e58645-ceeb-4412-a02e-407ca82df1b3,0,I:3,,,1640,ValidSlopeSaturation,4144067
26e58645-ceeb-4412-a02e-407ca82df1b3,0,I:4,,,1860,ValidSlopeSaturation,4144547
26e58645-ceeb-4412-a02e-407ca82df1b3,0,I:5,,,1650,ValidSlopeSaturation,4145025
26e58645-ceeb-4412-a02e-407ca82df1b3,0,I:6,,,1490,ValidSlopeSaturation,4145515
26e58645-ceeb-4412-a02e-407ca82df1b3,0,I:7,,,1440,ValidSlopeSaturation,4145994
26e58645-ceeb-4412-a02e-407ca82df1b3,0,I:8,,,1450,ValidSlopeSaturation,4146485
26e58645-ceeb-4412-a02e-407ca82df1b3,0,I:9,,,1130,ValidSlopeSaturation,4146967
26e58645-ceeb-4412-a02e-407ca82df1b3,0,I:10,,,1160,ValidSlopeSaturation,4147450
26e58645-ceeb-4412-a02e-407ca82df1b3,0,I:11,,,1240,ValidSlopeSaturation,4147944
26e58645-ceeb-4412-a02e-407ca82df1b3,0,I:12,,,1110,ValidSlopeSaturation,4148435
26e58645-ceeb-4412-a02e-407ca82df1b3,0,I:13,,,1590,ValidSlopeSaturation,4148930
26e58645-ceeb-4412-a02e-407ca82df1b3,0,I:14,,,1540,ValidSlopeSaturation,4149408
26e58645-ceeb-4412-a02e-407ca82df1b3,0,I:15,,,1260,ValidSlopeSaturation,4149896
26e58645-ceeb-4412-a02e-407ca82df1b3,0,I:16,,,1380,ValidSlopeSaturation,4150389
26e58645-ceeb-4412-a02e-407ca82df1b3,0,I:17,,,1420,ValidSlopeSaturation,4150880
26e58645-ceeb-4412-a02e-407ca82df1b3,0,I:18,,,1330,ValidSlopeSaturation,4151357
26e58645-ceeb-4412-a02e-407ca82df1b3,0,I:19,,,1450,ValidSlopeSaturation,4151850
26e58645-ceeb-4412-a02e-407ca82df1b3,0,I:20,,,1230,ValidSlopeSaturation,4152333
26e58645-ceeb-4412-a02e-407ca82df1b3,0,I:21,,,1480,ValidSlopeSaturation,4152821
26e58645-ceeb-4412-a02e-407ca82df1b3,0,I:22,,,1290,ValidSlopeSaturation,4153300
26e58645-ceeb-4412-a02e-407ca82df1b3,0,I:23,,,1420,ValidSlopeSaturation,4153791
26e58645-ceeb-4412-a02e-407ca82df1b3,0,I:24,,,1670,ValidSlopeSaturation,4154268
26e58645-ceeb-4412-a02e-407ca82df1b3,0,J:1,,,1520,ValidSlopeSaturation,4156107
26e58645-ceeb-4412-a02e-407ca82df1b3,0,J:2,,,1490,ValidSlopeSaturation,4156659
26e58645-ceeb-4412-a02e-407ca82df1b3,0,J:3,,,1710,ValidSlopeSaturation,4157143
26e58645-ceeb-4412-a02e-407ca82df1b3,0,J:4,,,1660,ValidSlopeSaturation,4157631
26e58645-ceeb-4412-a02e-407ca82df1b3,0,J:5,,,1680,ValidSlopeSaturation,4158118
26e58645-ceeb-4412-a02e-407ca82df1b3,0,J:6,,,1510,ValidSlopeSaturation,4158607
26e58645-ceeb-4412-a02e-407ca82df1b3,0,J:7,,,1400,ValidSlopeSaturation,4159095
26e58645-ceeb-4412-a02e-407ca82df1b3,0,J:8,,,1330,ValidSlopeSaturation,4159571
26e58645-ceeb-4412-a02e-407ca82df1b3,0,J:9,,,1290,ValidSlopeSaturation,4160062
26e58645-ceeb-4412-a02e-407ca82df1b3,0,J:10,,,1320,ValidSlopeSaturation,4160552
26e58645-ceeb-4412-a02e-407ca82df1b3,0,J:11,,,1340,ValidSlopeSaturation,4161038
26e58645-ceeb-4412-a02e-407ca82df1b3,0,J:12,,,1210,ValidSlopeSaturation,4161523
26e58645-ceeb-4412-a02e-407ca82df1b3,0,J:13,,,1310,ValidSlopeSaturation,4162007
26e58645-ceeb-4412-a02e-407ca82df1b3,0,J:14,,,1360,ValidSlopeSaturation,4162487
26e58645-ceeb-4412-a02e-407ca82df1b3,0,J:15,,,1290,ValidSlopeSaturation,4162974
26e58645-ceeb-4412-a02e-407ca82df1b3,0,J:16,,,1200,ValidSlopeSaturation,4163460
26e58645-ceeb-4412-a02e-407ca82df1b3,0,J:17,,,1220,ValidSlopeSaturation,4163950
26e58645-ceeb-4412-a02e-407ca82df1b3,0,J:18,,,1510,ValidSlopeSaturation,4164440
26e58645-ceeb-4412-a02e-407ca82df1b3,0,J:19,,,1390,ValidSlopeSaturation,4164922
26e58645-ceeb-4412-a02e-407ca82df1b3,0,J:20,,,1380,ValidSlopeSaturation,4165410
26e58645-ceeb-4412-a02e-407ca82df1b3,0,J:21,,,1430,ValidSlopeSaturation,4165890
26e58645-ceeb-4412-a02e-407ca82df1b3,0,J:22,,,1310,ValidSlopeSaturation,4166371
26e58645-ceeb-4412-a02e-407ca82df1b3,0,J:23,,,1470,ValidSlopeSaturation,4166856
26e58645-ceeb-4412-a02e-407ca82df1b3,0,J:24,,,1420,ValidSlopeSaturation,4167347
26e58645-ceeb-4412-a02e-407ca82df1b3,0,K:1,,,1300,ValidSlopeSaturation,4169186
26e58645-ceeb-4412-a02e-407ca82df1b3,0,K:2,,,1470,ValidSlopeSaturation,4169667
26e58645-ceeb-4412-a02e-407ca82df1b3,0,K:3,,,1730,ValidSlopeSaturation,4170147
26e58645-ceeb-4412-a02e-407ca82df1b3,0,K:4,,,1930,ValidSlopeSaturation,4170630
26e58645-ceeb-4412-a02e-407ca82df1b3,0,K:5,,,1490,ValidSlopeSaturation,4171125
26e58645-ceeb-4412-a02e-407ca82df1b3,0,K:6,,,1430,ValidSlopeSaturation,4171610
26e58645-ceeb-4412-a02e-407ca82df1b3,0,K:7,,,1490,ValidSlopeSaturation,4172102
26e58645-ceeb-4412-a02e-407ca82df1b3,0,K:8,,,1330,ValidSlopeSaturation,4172589
26e58645-ceeb-4412-a02e-407ca82df1b3,0,K:9,,,1300,ValidSlopeSaturation,4173085
26e58645-ceeb-4412-a02e-407ca82df1b3,0,K:10,,,1170,ValidSlopeSaturation,4173573
26e58645-ceeb-4412-a02e-407ca82df1b3,0,K:11,,,1400,ValidSlopeSaturation,4174060
26e58645-ceeb-4412-a02e-407ca82df1b3,0,K:12,,,1180,ValidSlopeSaturation,4174548
26e58645-ceeb-4412-a02e-407ca82df1b3,0,K:13,,,1270,ValidSlopeSaturation,4175041
26e58645-ceeb-4412-a02e-407ca82df1b3,0,K:14,,,1560,ValidSlopeSaturation,4175520
26e58645-ceeb-4412-a02e-407ca82df1b3,0,K:15,,,1550,ValidSlopeSaturation,4176007
26e58645-ceeb-4412-a02e-407ca82df1b3,0,K:16,,,1260,ValidSlopeSaturation,4176486
26e58645-ceeb-4412-a02e-407ca82df1b3,0,K:17,,,1230,ValidSlopeSaturation,4176982
26e58645-ceeb-4412-a02e-407ca82df1b3,0,K:18,,,1420,ValidSlopeSaturation,4177471
26e58645-ceeb-4412-a02e-407ca82df1b3,0,K:19,,,1420,ValidSlopeSaturation,4177964
26e58645-ceeb-4412-a02e-407ca82df1b3,0,K:20,,,1270,ValidSlopeSaturation,4178449
26e58645-ceeb-4412-a02e-407ca82df1b3,0,K:21,,,1250,ValidSlopeSaturation,4178939
26e58645-ceeb-4412-a02e-407ca82df1b3,0,K:22,,,1220,ValidSlopeSaturation,4179428
26e58645-ceeb-4412-a02e-407ca82df1b3,0,K:23,,,1470,ValidSlopeSaturation,4179916
26e58645-ceeb-4412-a02e-407ca82df1b3,0,K:24,,,1360,ValidSlopeSaturation,4180401
26e58645-ceeb-4412-a02e-407ca82df1b3,0,L:1,,,1360,ValidSlopeSaturation,4182241
26e58645-ceeb-4412-a02e-407ca82df1b3,0,L:2,,,1730,ValidSlopeSaturation,4182725
26e58645-ceeb-4412-a02e-407ca82df1b3,0,L:3,,,1600,ValidSlopeSaturation,4183218
26e58645-ceeb-4412-a02e-407ca82df1b3,0,L:4,,,1500,ValidSlopeSaturation,4183700
26e58645-ceeb-4412-a02e-407ca82df1b3,0,L:5,,,1590,ValidSlopeSaturation,4184180
26e58645-ceeb-4412-a02e-407ca82df1b3,0,L:6,,,1570,ValidSlopeSaturation,4184661
26e58645-ceeb-4412-a02e-407ca82df1b3,0,L:7,,,1250,ValidSlopeSaturation,4185149
26e58645-ceeb-4412-a02e-407ca82df1b3,0,L:8,,,1170,ValidSlopeSaturation,4185625
26e58645-ceeb-4412-a02e-407ca82df1b3,0,L:9,,,1440,ValidSlopeSaturation,4186117
26e58645-ceeb-4412-a02e-407ca82df1b3,0,L:10,,,1400,ValidSlopeSaturation,4186666
26e58645-ceeb-4412-a02e-407ca82df1b3,0,L:11,,,1250,ValidSlopeSaturation,4187150
26e58645-ceeb-4412-a02e-407ca82df1b3,0,L:12,,,1350,ValidSlopeSaturation,4187629
26e58645-ceeb-4412-a02e-407ca82df1b3,0,L:13,,,1360,ValidSlopeSaturation,4188115
26e58645-ceeb-4412-a02e-407ca82df1b3,0,L:14,,,1280,ValidSlopeSaturation,4188609
26e58645-ceeb-4412-a02e-407ca82df1b3,0,L:15,,,1370,ValidSlopeSaturation,4189088
26e58645-ceeb-4412-a02e-407ca82df1b3,0,L:16,,,1380,ValidSlopeSaturation,4189576
26e58645-ceeb-4412-a02e-407ca82df1b3,0,L:17,,,1290,ValidSlopeSaturation,4190056
26e58645-ceeb-4412-a02e-407ca82df1b3,0,L:18,,,1400,ValidSlopeSaturation,4190538
26e58645-ceeb-4412-a02e-407ca82df1b3,0,L:19,,,1220,ValidSlopeSaturation,4191027
26e58645-ceeb-4412-a02e-407ca82df1b3,0,L:20,,,1230,ValidSlopeSaturation,4191517
26e58645-ceeb-4412-a02e-407ca82df1b3,0,L:21,,,1280,ValidSlopeSaturation,4191994
26e58645-ceeb-4412-a02e-407ca82df1b3,0,L:22,,,1310,ValidSlopeSaturation,4192479
26e58645-ceeb-4412-a02e-407ca82df1b3,0,L:23,,,1300,ValidSlopeSaturation,4192970
26e58645-ceeb-4412-a02e-407ca82df1b3,0,L:24,,,1740,ValidSlopeSaturation,4193460
26e58645-ceeb-4412-a02e-407ca82df1b3,0,M:1,,,2000,ValidSlopeSaturation,4195298
26e58645-ceeb-4412-a02e-407ca82df1b3,0,M:2,,,1730,ValidSlopeSaturation,4195781
26e58645-ceeb-4412-a02e-407ca82df1b3,0,M:3,,,1660,ValidSlopeSaturation,4196270
26e58645-ceeb-4412-a02e-407ca82df1b3,0,M:4,,,1520,ValidSlopeSaturation,4196765
26e58645-ceeb-4412-a02e-407ca82df1b3,0,M:5,,,1420,ValidSlopeSaturation,4197255
26e58645-ceeb-4412-a02e-407ca82df1b3,0,M:6,,,1490,ValidSlopeSaturation,4197749
26e58645-ceeb-4412-a02e-407ca82df1b3,0,M:7,,,1410,ValidSlopeSaturation,4198235
26e58645-ceeb-4412-a02e-407ca82df1b3,0,M:8,,,1240,ValidSlopeSaturation,4198731
26e58645-ceeb-4412-a02e-407ca82df1b3,0,M:9,,,1450,ValidSlopeSaturation,4199217
26e58645-ceeb-4412-a02e-407ca82df1b3,0,M:10,,,1610,ValidSlopeSaturation,4199710
26e58645-ceeb-4412-a02e-407ca82df1b3,0,M:11,,,1450,ValidSlopeSaturation,4200198
26e58645-ceeb-4412-a02e-407ca82df1b3,0,M:12,,,1180,ValidSlopeSaturation,4200691
26e58645-ceeb-4412-a02e-407ca82df1b3,0,M:13,,,1560,ValidSlopeSaturation,4201181
26e58645-ceeb-4412-a02e-407ca82df1b3,0,M:14,,,1420,ValidSlopeSaturation,4201668
26e58645-ceeb-4412-a02e-407ca82df1b3,0,M:15,,,1400,ValidSlopeSaturation,4202157
26e58645-ceeb-4412-a02e-407ca82df1b3,0,M:16,,,1360,ValidSlopeSaturation,4202652
26e58645-ceeb-4412-a02e-407ca82df1b3,0,M:17,,,1340,ValidSlopeSaturation,4203140
26e58645-ceeb-4412-a02e-407ca82df1b3,0,M:18,,,1480,ValidSlopeSaturation,4203620
26e58645-ceeb-4412-a02e-407ca82df1b3,0,M:19,,,1420,ValidSlopeSaturation,4204107
26e58645-ceeb-4412-a02e-407ca82df1b3,0,M:20,,,1340,ValidSlopeSaturation,4204602
26e58645-ceeb-4412-a02e-407ca82df1b3,0,M:21,,,1310,ValidSlopeSaturation,4205096
26e58645-ceeb-4412-a02e-407ca82df1b3,0,M:22,,,1300,ValidSlopeSaturation,4205573
26e58645-ceeb-4412-a02e-407ca82df1b3,0,M:23,,,1370,ValidSlopeSaturation,4206062
26e58645-ceeb-4412-a02e-407ca82df1b3,0,M:24,,,1840,ValidSlopeSaturation,4206550
26e58645-ceeb-4412-a02e-407ca82df1b3,0,N:1,,,50,ValidSlopeSaturation,4208389
26e58645-ceeb-4412-a02e-407ca82df1b3,0,N:2,,,1510,ValidSlopeSaturation,4208866
26e58645-ceeb-4412-a02e-407ca82df1b3,0,N:3,,,1400,ValidSlopeSaturation,4209348
26e58645-ceeb-4412-a02e-407ca82df1b3,0,N:4,,,1380,ValidSlopeSaturation,4209838
26e58645-ceeb-4412-a02e-407ca82df1b3,0,N:5,,,1550,ValidSlopeSaturation,4210320
26e58645-ceeb-4412-a02e-407ca82df1b3,0,N:6,,,1870,ValidSlopeSaturation,4210814
26e58645-ceeb-4412-a02e-407ca82df1b3,0,N:7,,,1610,ValidSlopeSaturation,4211295
26e58645-ceeb-4412-a02e-407ca82df1b3,0,N:8,,,1720,ValidSlopeSaturation,4211771
26e58645-ceeb-4412-a02e-407ca82df1b3,0,N:9,,,1200,ValidSlopeSaturation,4212262
26e58645-ceeb-4412-a02e-407ca82df1b3,0,N:10,,,1380,ValidSlopeSaturation,4212753
26e58645-ceeb-4412-a02e-407ca82df1b3,0,N:11,,,1430,ValidSlopeSaturation,4213230
26e58645-ceeb-4412-a02e-407ca82df1b3,0,N:12,,,1510,ValidSlopeSaturation,4213707
26e58645-ceeb-4412-a02e-407ca82df1b3,0,N:13,,,1350,ValidSlopeSaturation,4214188
26e58645-ceeb-4412-a02e-407ca82df1b3,0,N:14,,,1250,ValidSlopeSaturation,4214668
26e58645-ceeb-4412-a02e-407ca82df1b3,0,N:15,,,1410,ValidSlopeSaturation,4215151
26e58645-ceeb-4412-a02e-407ca82df1b3,0,N:16,,,1460,ValidSlopeSaturation,4215629
26e58645-ceeb-4412-a02e-407ca82df1b3,0,N:17,,,1570,ValidSlopeSaturation,4216108
26e58645-ceeb-4412-a02e-407ca82df1b3,0,N:18,,,1530,ValidSlopeSaturation,4216603
26e58645-ceeb-4412-a02e-407ca82df1b3,0,N:19,,,1440,ValidSlopeSaturation,4217160
26e58645-ceeb-4412-a02e-407ca82df1b3,0,N:20,,,1390,ValidSlopeSaturation,4217641
26e58645-ceeb-4412-a02e-407ca82df1b3,0,N:21,,,1300,ValidSlopeSaturation,4218131
26e58645-ceeb-4412-a02e-407ca82df1b3,0,N:22,,,1540,ValidSlopeSaturation,4218627
26e58645-ceeb-4412-a02e-407ca82df1b3,0,N:23,,,1530,ValidSlopeSaturation,4219118
26e58645-ceeb-4412-a02e-407ca82df1b3,0,N:24,,,1530,ValidSlopeSaturation,4219610
26e58645-ceeb-4412-a02e-407ca82df1b3,0,O:1,,,1640,ValidSlopeSaturation,4221446
26e58645-ceeb-4412-a02e-407ca82df1b3,0,O:2,,,1570,ValidSlopeSaturation,4221928
26e58645-ceeb-4412-a02e-407ca82df1b3,0,O:3,,,1810,ValidSlopeSaturation,4222409
26e58645-ceeb-4412-a02e-407ca82df1b3,0,O:4,,,1660,ValidSlopeSaturation,4222898
26e58645-ceeb-4412-a02e-407ca82df1b3,0,O:5,,,1600,ValidSlopeSaturation,4223377
26e58645-ceeb-4412-a02e-407ca82df1b3,0,O:6,,,1710,ValidSlopeSaturation,4223855
26e58645-ceeb-4412-a02e-407ca82df1b3,0,O:7,,,1370,ValidSlopeSaturation,4224349
26e58645-ceeb-4412-a02e-407ca82df1b3,0,O:8,,,1570,ValidSlopeSaturation,4224839
26e58645-ceeb-4412-a02e-407ca82df1b3,0,O:9,,,1340,ValidSlopeSaturation,4225322
26e58645-ceeb-4412-a02e-407ca82df1b3,0,O:10,,,1660,ValidSlopeSaturation,4225808
26e58645-ceeb-4412-a02e-407ca82df1b3,0,O:11,,,1630,ValidSlopeSaturation,4226290
26e58645-ceeb-4412-a02e-407ca82df1b3,0,O:12,,,1480,ValidSlopeSaturation,4226778
26e58645-ceeb-4412-a02e-407ca82df1b3,0,O:13,,,1360,ValidSlopeSaturation,4227269
26e58645-ceeb-4412-a02e-407ca82df1b3,0,O:14,,,1670,ValidSlopeSaturation,4227751
26e58645-ceeb-4412-a02e-407ca82df1b3,0,O:15,,,2070,ValidSlopeSaturation,4228241
26e58645-ceeb-4412-a02e-407ca82df1b3,0,O:16,,,1770,ValidSlopeSaturation,4228728
26e58645-ceeb-4412-a02e-407ca82df1b3,0,O:17,,,1620,ValidSlopeSaturation,4229208
26e58645-ceeb-4412-a02e-407ca82df1b3,0,O:18,,,1450,ValidSlopeSaturation,4229696
26e58645-ceeb-4412-a02e-407ca82df1b3,0,O:19,,,1420,ValidSlopeSaturation,4230185
26e58645-ceeb-4412-a02e-407ca82df1b3,0,O:20,,,1430,ValidSlopeSaturation,4230676
26e58645-ceeb-4412-a02e-407ca82df1b3,0,O:21,,,1550,ValidSlopeSaturation,4231164
26e58645-ceeb-4412-a02e-407ca82df1b3,0,O:22,,,1240,ValidSlopeSaturation,4231656
26e58645-ceeb-4412-a02e-407ca82df1b3,0,O:23,,,1530,ValidSlopeSaturation,4232137
26e58645-ceeb-4412-a02e-407ca82df1b3,0,O:24,,,1320,ValidSlopeSaturation,4232614
26e58645-ceeb-4412-a02e-407ca82df1b3,0,P:1,,,1820,ValidSlopeSaturation,4234452
26e58645-ceeb-4412-a02e-407ca82df1b3,0,P:2,,,1670,ValidSlopeSaturation,4234933
26e58645-ceeb-4412-a02e-407ca82df1b3,0,P:3,,,1850,ValidSlopeSaturation,4235414
26e58645-ceeb-4412-a02e-407ca82df1b3,0,P:4,,,2010,ValidSlopeSaturation,4235894
26e58645-ceeb-4412-a02e-407ca82df1b3,0,P:5,,,1800,ValidSlopeSaturation,4236376
26e58645-ceeb-4412-a02e-407ca82df1b3,0,P:6,,,1560,ValidSlopeSaturation,4236868
26e58645-ceeb-4412-a02e-407ca82df1b3,0,P:7,,,1560,ValidSlopeSaturation,4237347
26e58645-ceeb-4412-a02e-407ca82df1b3,0,P:8,,,1490,ValidSlopeSaturation,4237825
26e58645-ceeb-4412-a02e-407ca82df1b3,0,P:9,,,1410,ValidSlopeSaturation,4238302
26e58645-ceeb-4412-a02e-407ca82df1b3,0,P:10,,,1840,ValidSlopeSaturation,4238787
26e58645-ceeb-4412-a02e-407ca82df1b3,0,P:11,,,1570,ValidSlopeSaturation,4239266
26e58645-ceeb-4412-a02e-407ca82df1b3,0,P:12,,,1330,ValidSlopeSaturation,4239759
26e58645-ceeb-4412-a02e-407ca82df1b3,0,P:13,,,1590,ValidSlopeSaturation,4240252
26e58645-ceeb-4412-a02e-407ca82df1b3,0,P:14,,,1590,ValidSlopeSaturation,4240731
26e58645-ceeb-4412-a02e-407ca82df1b3,0,P:15,,,1530,ValidSlopeSaturation,4241225
26e58645-ceeb-4412-a02e-407ca82df1b3,0,P:16,,,1740,ValidSlopeSaturation,4241719
26e58645-ceeb-4412-a02e-407ca82df1b3,0,P:17,,,1630,ValidSlopeSaturation,4242203
26e58645-ceeb-4412-a02e-407ca82df1b3,0,P:18,,,1630,ValidSlopeSaturation,4242687
26e58645-ceeb-4412-a02e-407ca82df1b3,0,P:19,,,1660,ValidSlopeSaturation,4243180
26e58645-ceeb-4412-a02e-407ca82df1b3,0,P:20,,,1560,ValidSlopeSaturation,4243671
26e58645-ceeb-4412-a02e-407ca82df1b3,0,P:21,,,2210,ValidSlopeSaturation,4244161
26e58645-ceeb-4412-a02e-407ca82df1b3,0,P:22,,,1460,ValidSlopeSaturation,4244655
26e58645-ceeb-4412-a02e-407ca82df1b3,0,P:23,,,2320,ValidSlopeSaturation,4245133
26e58645-ceeb-4412-a02e-407ca82df1b3,0,P:24,,,1490,ValidSlopeSaturation,4245615
